"","user_login","obs_total","sp_total","min.year","years.active","duration.active","new.sp","yearly.obs","category"
"1","a_anctil",22837,2470,2007,15,18,1,1522.46666666667,"Superuser"
"2","a_dumas",3303,1391,2009,11,16,1,300.272727272727,"Enthusiast"
"3","aaron-ulrick",134,112,2020,6,5,1,22.3333333333333,"Other users"
"4","abbeygator",26,26,2024,2,1,1,13,"Other users"
"5","abbeyy888",570,378,2021,5,4,1,114,"Other users"
"6","abbyhyde",57059,7801,2018,7,7,11,8151.28571428571,"BC Biodiversity"
"7","abtsmith",125,98,2013,9,12,1,13.8888888888889,"Other users"
"8","abuadjie",250,152,2018,7,7,1,35.7142857142857,"Other users"
"9","adam_capparelli",5015,2521,2009,16,16,1,313.4375,"Superuser"
"10","adam_holder",9127,3743,2018,9,7,1,1014.11111111111,"Superuser"
"11","adamlipo",2286,900,2001,22,24,1,103.909090909091,"Enthusiast"
"12","adhd_gremlin",260,188,2024,2,1,1,130,"Other users"
"13","aezammit",2319,1047,2004,21,21,1,110.428571428571,"Enthusiast"
"14","afishybutler",728,273,2020,6,5,1,121.333333333333,"Other users"
"15","agbelliveau",1497,813,2017,10,8,1,149.7,"Enthusiast"
"16","agostinol",867,460,2016,7,9,1,123.857142857143,"Other users"
"17","agrocan86",2211,1330,2012,12,13,1,184.25,"Enthusiast"
"18","aidan354",158,149,2025,1,0,1,158,"Other users"
"19","airb28",1128,750,2020,7,5,1,161.142857142857,"Enthusiast"
"20","aiva",23155,4745,2009,12,16,3,1929.58333333333,"BC Biodiversity"
"21","ajarofjames",5,5,2025,1,0,1,5,"Other users"
"22","ajphip",34460,4258,2016,10,9,3,3446,"Superuser"
"23","alanyoshioka",4513,1173,2020,6,5,1,752.166666666667,"Enthusiast"
"24","alex37472",3,3,2025,1,0,2,3,"Other users"
"25","alexa_eliana",1,1,2025,1,0,1,1,"Other users"
"26","alexanderj",72,55,2019,5,6,1,14.4,"Other users"
"27","alexswift",1766,1155,2025,1,0,3,1766,"Enthusiast"
"28","algorithmage",460,299,2025,2,0,1,230,"Other users"
"29","alisonnetta",6034,2197,1989,19,36,6,317.578947368421,"Superuser"
"30","alyshatheplant",2,2,2025,1,0,1,2,"Other users"
"31","amacnaughton",21023,1709,1967,22,58,1,955.590909090909,"Superuser"
"32","amaire45",69,33,2024,2,1,1,34.5,"Other users"
"33","amandabremner",866,476,2008,18,17,1,48.1111111111111,"Other users"
"34","amaranduk1",17,16,2021,4,4,1,4.25,"Other users"
"35","amber94x",131,114,2023,3,2,1,43.6666666666667,"Other users"
"36","ana_catarina_avila",69,63,2025,1,0,1,69,"QCBS"
"37","andreakingsley",10266,3495,1990,14,35,1,733.285714285714,"Superuser"
"38","andrewciriello",42,40,2025,1,0,1,42,"Other users"
"39","andrewdarcy",1676,1182,2014,13,11,1,128.923076923077,"Enthusiast"
"40","andrewsonea",1087,460,2023,3,2,5,362.333333333333,"Enthusiast"
"41","andy492",2788,1314,2020,7,5,1,398.285714285714,"Enthusiast"
"42","andy_mackinnon",89,83,2023,3,2,1,29.6666666666667,"Other users"
"43","angelamac",10179,2214,2015,11,10,1,925.363636363636,"Superuser"
"44","angusbc",25011,966,2020,6,5,1,4168.5,"Superuser"
"45","aniaonion",31,30,2025,1,0,1,31,"Other users"
"46","aninhafonte",82,58,2025,1,0,1,82,"Other users"
"47","anneliesemak",2771,624,2010,9,15,1,307.888888888889,"Enthusiast"
"48","anthea2nature",415,325,2018,7,7,1,59.2857142857143,"Other users"
"49","antjevl",237,163,2025,1,0,1,237,"Other users"
"50","ap0calypse",82,80,2017,8,8,1,10.25,"Other users"
"51","arachnoto",3083,911,2017,10,8,1,308.3,"Enthusiast"
"52","arthrowepoda",1009,597,2016,3,9,1,336.333333333333,"Enthusiast"
"53","arufuredo",38,37,2025,1,0,1,38,"Other users"
"54","asdfghjkl23",188,161,2005,14,20,1,13.4285714285714,"Other users"
"55","asherwarkentin",2516,1148,2016,10,9,1,251.6,"Enthusiast"
"56","astorey_botany",4034,1641,2019,8,6,1,504.25,"Enthusiast"
"57","astroara",507,360,2023,3,2,1,169,"Other users"
"58","aterrigeol",4750,2404,2012,12,13,1,395.833333333333,"Enthusiast"
"59","audouinella",1,1,2025,1,0,1,1,"Other users"
"60","avery_oko",64,58,2024,2,1,1,32,"Other users"
"61","averybartels",8093,1798,2012,8,13,3,1011.625,"Superuser"
"62","averylshifflett",2503,1235,2020,5,5,1,500.6,"Enthusiast"
"63","awri",1238,756,2021,5,4,1,247.6,"Enthusiast"
"64","ayka",49,47,2019,7,6,1,7,"Other users"
"65","aylastarkey",260,174,2025,1,0,1,260,"Other users"
"66","azemax",1405,890,2020,5,5,1,281,"Enthusiast"
"67","b_bio",149,123,2023,3,2,1,49.6666666666667,"Other users"
"68","back40observations",15,14,2025,1,0,1,15,"Other users"
"69","backyardcanadianantkeeper",53,34,2023,3,2,1,17.6666666666667,"Other users"
"70","bastefanidis",9335,2467,2016,10,9,7,933.5,"Superuser"
"71","bazrasty",326,211,2022,3,3,1,108.666666666667,"Other users"
"72","bcg498",980,774,2021,4,4,1,245,"Other users"
"73","bclarkston",887,263,2019,7,6,1,126.714285714286,"Other users"
"74","bdstaylor",290,228,2014,9,11,3,32.2222222222222,"Other users"
"75","beanstreet",720,446,2020,2,5,1,360,"Other users"
"76","becksinsects",11473,3224,2002,20,23,1,573.65,"Superuser"
"77","beespeaker",1741,565,2018,9,7,1,193.444444444444,"Enthusiast"
"78","benjaminbarrette",84,76,2025,1,0,1,84,"Other users"
"79","benkeen",35463,5944,2008,16,17,3,2216.4375,"Superuser"
"80","benkendrick",17737,3942,2018,8,7,4,2217.125,"Superuser"
"81","benmilligan",314,281,2022,5,3,1,62.8,"Other users"
"82","beth_magda",9255,3496,2019,8,6,1,1156.875,"Superuser"
"83","bethanne8",133,115,2021,5,4,1,26.6,"Other users"
"84","bgroves",924,589,2018,9,7,1,102.666666666667,"Other users"
"85","bhoar27",1600,733,2006,18,19,1,88.8888888888889,"Enthusiast"
"86","bhuard29",386,229,2025,1,0,1,386,"Other users"
"87","bioblitz",2351,928,2009,10,16,1,235.1,"Enthusiast"
"88","biomarie97",164,128,2024,2,1,1,82,"Other users"
"89","biophiliabc",3984,1926,2019,7,6,2,569.142857142857,"Enthusiast"
"90","birdieandmarsh",21,20,2025,1,0,1,21,"Other users"
"91","birdnerdbuddy",401,239,2024,2,1,1,200.5,"Other users"
"92","birdnfish",1303,874,2010,16,15,1,81.4375,"Enthusiast"
"93","birds_bugs_botany",22315,5477,2010,16,15,1,1394.6875,"Superuser"
"94","bkinder832",28178,3465,1980,39,45,1,722.512820512821,"Superuser"
"95","blkillin",6770,1967,2007,17,18,1,398.235294117647,"Superuser"
"96","blue_72",135,120,2023,4,2,1,33.75,"Other users"
"97","bluecollarbirder",1710,830,2015,11,10,1,155.454545454545,"Enthusiast"
"98","blundstoner",57,57,2022,4,3,1,14.25,"Other users"
"99","bobbyblackmore",932,683,2014,10,11,1,93.2,"Other users"
"100","bobhighcock",3380,1291,2008,16,17,1,211.25,"Enthusiast"
"101","bobmcd",11828,1915,2002,22,23,1,537.636363636364,"Superuser"
"102","bossreims",261,212,2023,4,2,1,65.25,"Other users"
"103","bottomtime",3,3,2025,1,0,1,3,"Other users"
"104","bradenjudson",23452,6233,2016,10,9,5,2345.2,"BC Biodiversity"
"105","brandon2zz",559,110,2023,3,2,1,186.333333333333,"Other users"
"106","brandoncorder",1164,534,2019,2,6,1,582,"Enthusiast"
"107","brantastic",6666,2388,2009,13,16,1,512.769230769231,"Superuser"
"108","breeannphillips",124,97,2025,1,0,1,124,"Other users"
"109","brendanboyd",12507,3934,2013,13,12,3,962.076923076923,"Superuser"
"110","brent_isojima",8932,4894,2005,21,20,4,425.333333333333,"Superuser"
"111","brevan_wagner",4676,2116,2004,14,21,2,334,"Enthusiast"
"112","brguinn",14760,3376,1978,20,47,2,738,"Superuser"
"113","brianstahls",9082,2391,2010,15,15,1,605.466666666667,"Superuser"
"114","brijzan",202,164,2025,1,0,1,202,"Other users"
"115","broacher",4900,2574,2008,10,17,1,490,"Enthusiast"
"116","bronwen77",56,56,2022,2,3,1,28,"Other users"
"117","bropea",600,406,2020,6,5,2,100,"Other users"
"118","brucekm",245,205,2018,8,7,1,30.625,"Other users"
"119","brucemalloch",430,351,2015,12,10,2,35.8333333333333,"Other users"
"120","bruno9913",14,13,2023,2,2,1,7,"Other users"
"121","bryan88687",1264,863,2023,4,2,1,316,"Enthusiast"
"122","bryosoph",588,465,1976,6,49,2,98,"Other users"
"123","bstarzomski",133777,9472,1996,26,29,8,5145.26923076923,"BC Biodiversity"
"124","bugsfan",2136,892,2016,8,9,1,267,"Enthusiast"
"125","bummblebeesknees",116,107,2023,3,2,1,38.6666666666667,"Other users"
"126","burke_korol",42693,5581,1935,46,90,1,928.108695652174,"Superuser"
"127","caitie20",261,234,2024,2,1,2,130.5,"Other users"
"128","calebcatto",29779,4083,2013,13,12,1,2290.69230769231,"Superuser"
"129","camerondeckert",7651,1088,1994,26,31,1,294.269230769231,"Superuser"
"130","canuckamok",1654,882,2016,10,9,1,165.4,"Enthusiast"
"131","carabid_47",3607,1045,1975,25,50,1,144.28,"Enthusiast"
"132","carita",12800,3663,1943,49,82,2,261.224489795918,"Superuser"
"133","carm_tree",855,490,2017,10,8,1,85.5,"Other users"
"134","carobrown",6312,2464,2016,8,9,1,789,"Superuser"
"135","cassidybest",29133,3773,2012,9,13,1,3237,"BC Biodiversity"
"136","cassie_kitson",315,150,2023,3,2,1,105,"Other users"
"137","cassiia",1903,1245,2001,11,24,1,173,"Enthusiast"
"138","caterpillar511",20124,1908,2012,12,13,1,1677,"Superuser"
"139","caterpillerlover",8732,3232,2019,8,6,2,1091.5,"Superuser"
"140","cathycarlson",655,311,2015,6,10,1,109.166666666667,"Other users"
"141","cback",4302,1922,1999,25,26,2,172.08,"Enthusiast"
"142","cchapman-lam",5266,2638,2010,16,15,2,329.125,"Superuser"
"143","cernunosse",1024,347,2010,3,15,1,341.333333333333,"Enthusiast"
"144","channy0580",216,177,2023,4,2,1,54,"Other users"
"145","chantalgauthier",474,345,2016,10,9,2,47.4,"Other users"
"146","charlie-m",1073,677,2019,6,6,1,178.833333333333,"Enthusiast"
"147","charlize0667",5,5,2025,1,0,1,5,"Other users"
"148","chasy",37,37,2019,7,6,1,5.28571428571429,"Other users"
"149","chatles",3,3,2024,2,1,1,1.5,"Other users"
"150","chelseyf",170,135,1969,9,56,1,18.8888888888889,"Other users"
"151","chloe_and_trevor",19628,5371,2013,12,12,3,1635.66666666667,"Superuser"
"152","chowarth",812,559,2019,7,6,1,116,"Other users"
"153","chris1929",19509,3466,2005,20,20,1,975.45,"Superuser"
"154","chris85200",74,67,2025,1,0,1,74,"Other users"
"155","chrisfluit",10471,2927,2014,7,11,2,1495.85714285714,"BC Biodiversity"
"156","chrissawyer",80,72,2022,2,3,1,40,"Other users"
"157","cinna_latifolia",2259,1261,2017,8,8,2,282.375,"Enthusiast"
"158","claudette-cormier",7905,1348,2011,13,14,1,608.076923076923,"Superuser"
"159","claytonmiller123",361,146,2023,2,2,1,180.5,"Other users"
"160","cmissman",2,2,2025,1,0,1,2,"Other users"
"161","codemare",327,243,2021,6,4,1,54.5,"Other users"
"162","cody654",164,129,2023,2,2,1,82,"Other users"
"163","colindjones",23870,4746,2003,23,22,1,1037.82608695652,"Superuser"
"164","colleen396",95,82,2022,4,3,1,23.75,"Other users"
"165","connorpray",11,10,2025,1,0,1,11,"Other users"
"166","conservationphfb",86,77,2025,1,0,1,86,"Other users"
"167","coppercoin_111",636,506,2025,1,0,1,636,"Other users"
"168","corvi",6060,1489,2018,8,7,1,757.5,"Superuser"
"169","coryss",169,107,2017,9,8,1,18.7777777777778,"Other users"
"170","cratzlaff",1426,953,2013,13,12,1,109.692307692308,"Enthusiast"
"171","crimguy",764,405,2011,14,14,1,54.5714285714286,"Other users"
"172","crothfels",121,98,2019,4,6,1,30.25,"Other users"
"173","ctasse",129,115,2024,2,1,1,64.5,"Other users"
"174","ctullyrdek",189,152,2023,3,2,1,63,"Other users"
"175","cwardrop",5351,1255,2020,6,5,4,891.833333333333,"BC Biodiversity"
"176","cwfoo",961,457,2025,1,0,1,961,"Other users"
"177","cwood",1291,914,1937,26,88,1,49.6538461538462,"Enthusiast"
"178","cyanula",6851,1543,1980,10,45,1,685.1,"Superuser"
"179","cynthia722",835,438,2020,6,5,1,139.166666666667,"Other users"
"180","da_chirp",1074,408,2022,4,3,1,268.5,"Enthusiast"
"181","dan501",173,140,2019,8,6,1,21.625,"Other users"
"182","dan_macneal",41656,7380,2007,18,18,2,2314.22222222222,"Superuser"
"183","danie2308",210,160,2021,4,4,1,52.5,"Other users"
"184","daniel_bittman",2773,1407,2020,4,5,4,693.25,"Enthusiast"
"185","danielmary",8,6,2023,3,2,1,2.66666666666667,"Other users"
"186","danparayre",191,161,2013,8,12,1,23.875,"Other users"
"187","davidchapados",263,229,2021,5,4,23,52.6,"Other users"
"188","davidfbird",4098,1949,1980,25,45,31,163.92,"Enthusiast"
"189","davidokines",5145,2516,2019,7,6,1,735,"Superuser"
"190","dawnsherman",13984,3705,2005,22,20,2,635.636363636364,"Superuser"
"191","dawson36391",144,109,2025,1,0,1,144,"Other users"
"192","daybc",1367,732,2014,3,11,1,455.666666666667,"Enthusiast"
"193","dbltucker",6047,1831,2017,9,8,1,671.888888888889,"BC Biodiversity"
"194","deborahmosher",5603,2358,2016,10,9,1,560.3,"Superuser"
"195","deckimeters",2351,1304,2019,7,6,1,335.857142857143,"Enthusiast"
"196","denis84174",19,19,2020,4,5,1,4.75,"Other users"
"197","dennyb",2689,1198,2014,12,11,2,224.083333333333,"Enthusiast"
"198","dfortier409",76,61,2016,6,9,1,12.6666666666667,"Other users"
"199","dhuggard",3878,1943,2019,6,6,2,646.333333333333,"Enthusiast"
"200","dickcannings",14406,2889,1974,37,51,3,389.351351351351,"Superuser"
"201","djdanimal",62,61,2025,1,0,1,62,"Other users"
"202","djringer",757,461,2014,4,11,1,189.25,"Other users"
"203","dmalloch",389,228,1985,21,40,1,18.5238095238095,"Other users"
"204","donnamillar",1177,665,2010,16,15,1,73.5625,"Enthusiast"
"205","dougbrown",29801,2006,2010,9,15,1,3311.22222222222,"Superuser"
"206","doviende",14882,3173,2006,11,19,19,1352.90909090909,"Superuser"
"207","dpparsons",4858,2188,1993,13,32,1,373.692307692308,"Enthusiast"
"208","draculasfavson",291,175,2023,3,2,1,97,"Other users"
"209","dragonflier",728,499,2020,6,5,1,121.333333333333,"Other users"
"210","driley",17182,4568,2007,16,18,1,1073.875,"Superuser"
"211","dtski",378,305,2019,8,6,1,47.25,"Other users"
"212","dustin777",5452,1872,2014,12,11,1,454.333333333333,"Superuser"
"213","ean2023",3762,1040,1995,21,30,1,179.142857142857,"Enthusiast"
"214","earley_bird",18191,4064,2015,11,10,3,1653.72727272727,"BC Biodiversity"
"215","earthquest_canada",146,135,1995,22,30,1,6.63636363636364,"Other users"
"216","eayre1",30,30,2025,1,0,1,30,"Other users"
"217","echocreek",18077,2991,1995,22,30,2,821.681818181818,"Superuser"
"218","ecota55",1925,1096,2018,7,7,1,275,"Enthusiast"
"219","ehessels",4978,2699,2017,9,8,5,553.111111111111,"Enthusiast"
"220","ejgnam2",84,36,2024,2,1,1,42,"Other users"
"221","elacroix-carignan",17226,2966,1897,30,128,3,574.2,"QCBS"
"222","elbourret",3871,1674,2013,12,12,7,322.583333333333,"QCBS"
"223","ellegreta",4225,1359,2021,4,4,1,1056.25,"Enthusiast"
"224","ellejay_101",4,4,2016,2,9,1,2,"Other users"
"225","ellia_manimanakis",907,565,2024,2,1,1,453.5,"Other users"
"226","ellieck",505,343,2020,6,5,1,84.1666666666667,"Other users"
"227","elliofthenorth",927,428,2018,7,7,3,132.428571428571,"Other users"
"228","eloraa",32599,4998,2015,11,10,7,2963.54545454545,"BC Biodiversity"
"229","eloravdl",1095,551,2024,2,1,1,547.5,"Enthusiast"
"230","emilypalah",7448,2061,2009,17,16,2,438.117647058824,"Superuser"
"231","emma_hu",183,123,2023,3,2,1,61,"Other users"
"232","emmafishcreek",937,346,2020,3,5,1,312.333333333333,"Other users"
"233","empostenka",4637,2636,2006,14,19,1,331.214285714286,"Enthusiast"
"234","eric_wilmot",4781,2133,2011,15,14,1,318.733333333333,"Enthusiast"
"235","ericao",1049,582,2012,11,13,1,95.3636363636364,"Enthusiast"
"236","ericgiles",19337,5913,2010,16,15,2,1208.5625,"Superuser"
"237","ericzone",280,223,2020,6,5,1,46.6666666666667,"Other users"
"238","ert_n_bert",69,59,2024,2,1,1,34.5,"Other users"
"239","ethan_ott",94,77,2019,4,6,1,23.5,"Other users"
"240","evaburghardt",187,132,2022,4,3,2,46.75,"Other users"
"241","evaho54",44,41,2022,2,3,1,22,"Other users"
"242","ezgrower",3259,1381,2015,9,10,1,362.111111111111,"Enthusiast"
"243","f_bourret",1428,861,2017,10,8,1,142.8,"Enthusiast"
"244","faby_acrux",37,35,2025,1,0,1,37,"Other users"
"245","farcrest",59,48,2025,1,0,1,59,"Other users"
"246","flanie",4892,2052,2008,14,17,1,349.428571428571,"Enthusiast"
"247","floatek",94,77,2008,8,17,2,11.75,"Other users"
"248","flouncy",285,209,2019,7,6,1,40.7142857142857,"Other users"
"249","fmcghee",104857,9994,2004,10,21,1,10485.7,"BC Biodiversity"
"250","fmgee",8577,3973,1980,33,45,4,259.909090909091,"Superuser"
"251","franklin42",30,25,2020,6,5,1,5,"Other users"
"252","friendlyforest",2196,1300,2019,7,6,1,313.714285714286,"Enthusiast"
"253","fungikingdomqc",764,472,2017,10,8,22,76.4,"Other users"
"254","fylin",3378,801,2017,10,8,1,337.8,"Enthusiast"
"255","g0ingh0st",73,68,2019,7,6,1,10.4285714285714,"Other users"
"256","gab292",242,189,2021,5,4,1,48.4,"Other users"
"257","gabriolalori",1571,580,2022,4,3,1,392.75,"Enthusiast"
"258","gaelinarmstrong",1873,1101,2008,13,17,1,144.076923076923,"Enthusiast"
"259","gaiagroup",121,93,2017,6,8,1,20.1666666666667,"Other users"
"260","garden_lover",4842,1212,2022,4,3,1,1210.5,"Enthusiast"
"261","gary-james",34777,2949,2001,15,24,1,2318.46666666667,"Superuser"
"262","garyyankech",9874,3527,2006,19,19,1,519.684210526316,"Superuser"
"263","gavinsteelem",274,203,2025,1,0,1,274,"Other users"
"264","genevieve187",296,259,2022,4,3,1,74,"Other users"
"265","genevieveboudreau",1486,167,2020,6,5,1,247.666666666667,"Enthusiast"
"266","gengau978",1424,726,2020,6,5,1,237.333333333333,"Enthusiast"
"267","georgiafulles",2,2,2025,1,0,1,2,"Other users"
"268","germtomberli",143,127,2025,1,0,1,143,"Other users"
"269","gfgm",89,64,2023,3,2,1,29.6666666666667,"Other users"
"270","giancoangelozzi",201,176,2022,5,3,1,40.2,"Other users"
"271","giesen_construction",190,99,2025,1,0,1,190,"Other users"
"272","giragavin",37,33,2024,2,1,1,18.5,"Other users"
"273","gis1",8399,3594,2005,21,20,1,399.952380952381,"Superuser"
"274","giselle_s",182,149,2025,1,0,1,182,"Other users"
"275","glennbarrett",2295,1084,2006,19,19,1,120.789473684211,"Enthusiast"
"276","glittercat653",369,254,2023,3,2,1,123,"Other users"
"277","gord319",393,217,2020,5,5,1,78.6,"Other users"
"278","gorehamster",8641,2758,2006,19,19,1,454.789473684211,"Superuser"
"279","gracieisoutside",53,49,2022,4,3,1,13.25,"Other users"
"280","graeme45",2712,1203,1987,31,38,1,87.4838709677419,"Enthusiast"
"281","grand",2831,812,2015,11,10,2,257.363636363636,"Enthusiast"
"282","grant-bowler",2785,1169,2018,8,7,1,348.125,"Enthusiast"
"283","gregorykuwahara",1153,932,2017,9,8,2,128.111111111111,"Enthusiast"
"284","grinnin",195,160,2003,3,22,2,65,"Other users"
"285","gscard250",3717,1376,2012,6,13,1,619.5,"Enthusiast"
"286","guyanaguy",134,89,2023,3,2,1,44.6666666666667,"Other users"
"287","guylmonty",6132,1627,1997,27,28,1,227.111111111111,"Superuser"
"288","gvashton",116,86,2022,3,3,4,38.6666666666667,"Other users"
"289","gyefiri",317,265,2021,5,4,1,63.4,"Other users"
"290","h_lazaris",138,96,2024,2,1,1,69,"Other users"
"291","handroid",2375,1419,2016,8,9,1,296.875,"Enthusiast"
"292","handy2",5163,2138,2009,17,16,1,303.705882352941,"Superuser"
"293","hanna-h",261,219,2022,3,3,1,87,"Other users"
"294","hannahsch2191",812,617,2021,4,4,1,203,"Other users"
"295","hansritter",1704,631,2021,5,4,2,340.8,"Enthusiast"
"296","haroldclapp",305,166,2021,5,4,2,61,"Other users"
"297","harrytography",103,87,2023,4,2,1,25.75,"Other users"
"298","haydenob",2957,1339,2019,4,6,1,739.25,"Enthusiast"
"299","hayleyarious",284,247,2021,4,4,1,71,"Other users"
"300","hergott",28,21,2023,3,2,1,9.33333333333333,"Other users"
"301","hermissenda",6567,1216,2005,22,20,1,298.5,"Superuser"
"302","hewittdoesit",253,95,2024,2,1,1,126.5,"Other users"
"303","heyyouall",188,149,2012,6,13,1,31.3333333333333,"Other users"
"304","hgmueller",538,404,2023,3,2,32,179.333333333333,"Other users"
"305","hobbitsyfeet",408,308,2018,9,7,1,45.3333333333333,"Other users"
"306","hsplendens",5341,1166,2008,17,17,1,314.176470588235,"Superuser"
"307","hunterefs",1913,1133,2015,9,10,10,212.555555555556,"Enthusiast"
"308","huntybunty",7156,2142,2015,10,10,1,715.6,"Superuser"
"309","huwalu_ka_using",1181,455,2017,9,8,12,131.222222222222,"Enthusiast"
"310","iancruickshank",93966,5957,2003,23,22,2,4085.47826086957,"Superuser"
"311","ianedmonds",117,105,2024,2,1,1,58.5,"Other users"
"312","ianljones",390,222,1982,23,43,1,16.9565217391304,"Other users"
"313","ibycter",2600,1346,1980,17,45,1,152.941176470588,"Enthusiast"
"314","ichthyovenator",2283,1238,2022,4,3,2,570.75,"Enthusiast"
"315","idavs",303,234,2024,2,1,1,151.5,"Other users"
"316","igooutsidesometimes",1126,613,2019,6,6,1,187.666666666667,"Enthusiast"
"317","ikhom",7320,2203,2015,11,10,18,665.454545454545,"Superuser"
"318","imcote",8736,931,2007,13,18,4,672,"Superuser"
"319","imjustben",102,78,2024,2,1,1,51,"Other users"
"320","ipync",17,14,2017,5,8,1,3.4,"Other users"
"321","iqcreaturehero786",1222,319,2020,6,5,1,203.666666666667,"Enthusiast"
"322","islandgirl68",261,205,2018,9,7,1,29,"Other users"
"323","ispou",162,126,2021,5,4,1,32.4,"Other users"
"324","ivy_405",229,188,2022,4,3,1,57.25,"Other users"
"325","j_arndt",4298,1644,1993,23,32,1,186.869565217391,"Enthusiast"
"326","jabez_lu",249,174,2024,2,1,1,124.5,"Other users"
"327","jackals",18,17,2025,1,0,1,18,"Other users"
"328","jackbattle6",5963,1980,2010,12,15,1,496.916666666667,"Superuser"
"329","jackson_chu",33231,4748,2005,21,20,1,1582.42857142857,"Superuser"
"330","jadipepla",1698,791,2018,8,7,2,212.25,"Enthusiast"
"331","jaiden_lang",185,171,2021,6,4,1,30.8333333333333,"Other users"
"332","jake198",820,580,2018,9,7,1,91.1111111111111,"Other users"
"333","james_king780",1270,584,2020,6,5,1,211.666666666667,"Enthusiast"
"334","jamiehunter",1626,929,2014,12,11,1,135.5,"Enthusiast"
"335","jan_thornhill",4246,1710,1986,24,39,2,176.916666666667,"Enthusiast"
"336","janie_c",3206,1370,2009,15,16,3,213.733333333333,"Enthusiast"
"337","jasonheadley",59666,6610,2012,14,13,1,4261.85714285714,"BC Biodiversity"
"338","jax_nasimok",8223,3464,2012,14,13,2,587.357142857143,"Superuser"
"339","jaysgirl18",847,539,2016,10,9,1,84.7,"Other users"
"340","jbindernagel",49405,5741,2015,12,10,13,4117.08333333333,"BC Biodiversity"
"341","jeanfranois2",10202,2333,2003,23,22,1,443.565217391304,"Superuser"
"342","jeanhampson",2421,891,2023,3,2,1,807,"Enthusiast"
"343","jedmitch",26,21,2024,2,1,1,13,"Other users"
"344","jeffclements",2466,1197,2010,16,15,3,154.125,"Enthusiast"
"345","jeffdbayley",34,32,2019,3,6,1,11.3333333333333,"Other users"
"346","jeffreypeter",257,201,2017,9,8,1,28.5555555555556,"Other users"
"347","jemredwood",51622,6571,1984,20,41,2,2581.1,"Superuser"
"348","jennah2882",221,170,2022,4,3,1,55.25,"Other users"
"349","jenny_feick",9816,1797,2009,13,16,1,755.076923076923,"Superuser"
"350","jennysguy18",695,612,2017,9,8,1,77.2222222222222,"Other users"
"351","jeongyoo",1299,696,2019,7,6,4,185.571428571429,"Enthusiast"
"352","jeremyhatt",1485,747,2012,11,13,1,135,"Enthusiast"
"353","jessek",3403,1247,2018,8,7,1,425.375,"Enthusiast"
"354","jessigentry",205,179,2019,8,6,1,25.625,"Other users"
"355","jfraser",13842,2485,1967,20,58,1,692.1,"Superuser"
"356","jill_taylor",255,195,2019,7,6,1,36.4285714285714,"Other users"
"357","jjwsphotography",1776,465,2010,8,15,3,222,"Enthusiast"
"358","jkaseman18",2470,1343,2017,9,8,1,274.444444444444,"Enthusiast"
"359","jmacd89",296,203,2024,3,1,1,98.6666666666667,"Other users"
"360","jmholdsworth",1916,1185,1991,23,34,2,83.304347826087,"Enthusiast"
"361","jnhache",1612,903,2019,7,6,1,230.285714285714,"Enthusiast"
"362","joanvictoria",344,231,2024,2,1,1,172,"Other users"
"363","joebrogers",5178,1840,2020,6,5,2,863,"Superuser"
"364","joeffrz",6,6,2025,1,0,1,6,"Other users"
"365","joefrechette",39789,3747,1998,28,27,2,1421.03571428571,"Superuser"
"366","john99986",1,1,2025,1,0,1,1,"Other users"
"367","johndreynolds",290402,11435,1918,40,107,13,7260.05,"BC Biodiversity"
"368","jolenemilan",169,151,2020,7,5,1,24.1428571428571,"Other users"
"369","jollygoodyellow",24021,3374,2008,17,17,1,1413,"Superuser"
"370","jonathancazabonne",3,3,2025,1,0,1,3,"Other users"
"371","jonpleizier",5031,2922,1993,23,32,1,218.739130434783,"Superuser"
"372","joseph_l",4144,2023,2017,10,8,1,414.4,"Enthusiast"
"373","josh_vandermeulen",35616,6856,2004,22,21,2,1618.90909090909,"Superuser"
"374","jshcwn",564,335,2021,5,4,1,112.8,"Other users"
"375","jstraka",10112,2886,2006,21,19,1,481.52380952381,"Superuser"
"376","jtanney0",77,49,2023,3,2,1,25.6666666666667,"Other users"
"377","jukkajantunen",14555,2274,2000,23,25,1,632.826086956522,"Superuser"
"378","julesluvsplants",509,486,2009,2,16,1,254.5,"Other users"
"379","juliakcarr",42401,5903,2017,9,8,6,4711.22222222222,"BC Biodiversity"
"380","juliettebthomas",433,308,2021,6,4,4,72.1666666666667,"Other users"
"381","julmarsh",1948,1276,2019,8,6,1,243.5,"Enthusiast"
"382","justin734",2988,935,2017,6,8,1,498,"Enthusiast"
"383","justinchans",29778,5522,2014,6,11,20,4963,"BC Biodiversity"
"384","justinefafard",606,431,1969,8,56,1,75.75,"Other users"
"385","jwrossmackinnon",104,83,2024,2,1,1,52,"Other users"
"386","jwsproule",4290,1086,2021,5,4,1,858,"Enthusiast"
"387","kai_smith",1204,722,2023,3,2,2,401.333333333333,"Enthusiast"
"388","kaiden",644,476,2014,12,11,2,53.6666666666667,"Other users"
"389","kaileebird",8,8,2019,4,6,1,2,"Other users"
"390","kairune",14685,2662,2011,14,14,10,1048.92857142857,"Superuser"
"391","kalinocana",2456,1412,2017,9,8,1,272.888888888889,"Enthusiast"
"392","kallummcdonald",26402,2496,2012,12,13,3,2200.16666666667,"Superuser"
"393","kalvinchan",30230,5115,2015,12,10,6,2519.16666666667,"Superuser"
"394","katetmckay",551,373,2023,4,2,1,137.75,"Other users"
"395","kathkawa",4,4,2022,2,3,1,2,"Other users"
"396","kathleenfspicer",15907,2577,2006,20,19,1,795.35,"Superuser"
"397","katiab",3914,1079,2008,18,17,5,217.444444444444,"Enthusiast"
"398","katy_mackay",336,258,2023,2,2,1,168,"Other users"
"399","kaylajak",1136,738,2023,3,2,1,378.666666666667,"Enthusiast"
"400","kaylatee",349,248,2021,4,4,1,87.25,"Other users"
"401","kcram",664,385,2014,9,11,4,73.7777777777778,"Other users"
"402","keithwauthy",2629,1338,2022,4,3,1,657.25,"Enthusiast"
"403","kelsadilla",5239,1376,2017,8,8,1,654.875,"Superuser"
"404","ken_j_allison",13480,3162,2007,19,18,1,709.473684210526,"Superuser"
"405","kerstinwilson",141,135,2020,7,5,1,20.1428571428571,"Other users"
"406","kevin_gevaert",11694,4016,2004,10,21,3,1169.4,"Superuser"
"407","kevin_snair",2383,1251,2005,21,20,1,113.47619047619,"Enthusiast"
"408","kim007",571,245,2021,5,4,1,114.2,"Other users"
"409","kl-higgins",1234,561,2016,10,9,1,123.4,"Enthusiast"
"410","knarr-gallery",1352,459,2012,12,13,1,112.666666666667,"Enthusiast"
"411","knightericm",16,16,2018,2,7,1,8,"Other users"
"412","knochenkatze",113,91,2023,3,2,1,37.6666666666667,"Other users"
"413","kokorokumo",2775,1136,2022,5,3,1,555,"Enthusiast"
"414","komonkantsu",17,15,2022,3,3,1,5.66666666666667,"Other users"
"415","koskitam",3166,1220,2024,3,1,1,1055.33333333333,"Enthusiast"
"416","kristinpiston",14246,3320,2014,10,11,1,1424.6,"Superuser"
"417","kuzniar",51,48,2024,2,1,1,25.5,"Other users"
"418","kyleholloway",15463,3005,2008,18,17,2,859.055555555556,"Superuser"
"419","laiet17",231,190,2022,3,3,1,77,"Other users"
"420","laima_liulevicius",479,361,2024,2,1,5,239.5,"Other users"
"421","lamawebber",392,233,2003,21,22,3,18.6666666666667,"Other users"
"422","lantinantoine",3216,1858,2019,6,6,5,536,"Enthusiast"
"423","larissaissabron",2868,991,2018,9,7,1,318.666666666667,"Enthusiast"
"424","laszlocserhazi",261,115,2012,5,13,3,52.2,"Other users"
"425","lauchlan_kroeger_anderson",42,42,2025,1,0,1,42,"Other users"
"426","laudau",63,45,2025,1,0,1,63,"Other users"
"427","lauraj_rl",455,374,2021,4,4,2,113.75,"QCBS"
"428","lauraohearn",5,4,2025,1,0,2,5,"Other users"
"429","laurent_f",1408,468,2004,22,21,1,64,"Enthusiast"
"430","laurenwatt",71,67,2020,7,5,3,10.1428571428571,"Other users"
"431","lbistritz",632,455,2023,3,2,1,210.666666666667,"Other users"
"432","leannestacy",2985,1722,2017,9,8,1,331.666666666667,"Enthusiast"
"433","leesai",699,448,2025,1,0,2,699,"Other users"
"434","leewarren",29050,2914,1998,14,27,1,2075,"Superuser"
"435","lefua",1869,745,2019,6,6,1,311.5,"Enthusiast"
"436","leilabeaudet",444,346,2018,5,7,3,88.8,"Other users"
"437","leoguy",10780,2871,1965,22,60,1,490,"Superuser"
"438","lepagedaniel",95,65,2025,1,0,1,95,"Other users"
"439","leposava",283,222,2016,11,9,1,25.7272727272727,"Other users"
"440","lesliejoan",7109,1533,2013,12,12,3,592.416666666667,"Superuser"
"441","liamragan",29583,6555,2015,11,10,19,2689.36363636364,"Superuser"
"442","liamsteele",32725,2938,1915,20,110,1,1636.25,"Superuser"
"443","libby_rick_avis",4010,1464,1997,29,28,2,138.275862068966,"Enthusiast"
"444","lichenlogan",285,284,2025,1,0,1,285,"Other users"
"445","lidabrook_05",53,52,2024,2,1,8,26.5,"Other users"
"446","lilah41446",6,6,2024,2,1,1,3,"Other users"
"447","limegreenbimbo",17,15,2025,1,0,1,17,"Other users"
"448","lindabeardsell",44,36,2020,6,5,1,7.33333333333333,"Other users"
"449","lindsash",16,16,2025,1,0,1,16,"Other users"
"450","lindsay_caitlin",435,287,2025,1,0,1,435,"Other users"
"451","lizabarney",697,457,2017,8,8,1,87.125,"Other users"
"452","localsloth",567,407,2019,7,6,1,81,"Other users"
"453","lockebeulve",15522,2239,2011,15,14,2,1034.8,"Superuser"
"454","lopes15",32,25,2025,1,0,1,32,"Other users"
"455","lophozia17",5611,1635,2016,7,9,1,801.571428571429,"Superuser"
"456","loriellen",6885,1478,2022,4,3,2,1721.25,"Superuser"
"457","lucasfoerster",3063,1672,2004,17,21,2,180.176470588235,"Enthusiast"
"458","ludoleclerc",2470,1581,2003,19,22,2,130,"Enthusiast"
"459","lukeberg",29218,8187,2006,20,19,6,1460.9,"Superuser"
"460","lynaarous",25,25,2025,1,0,1,25,"Other users"
"461","mackyoung",182,157,2018,7,7,1,26,"Other users"
"462","maddogmc1000",156,92,2021,5,4,1,31.2,"Other users"
"463","madelinehowarth",7,7,2020,5,5,1,1.4,"Other users"
"464","madie-stew",32,26,2023,3,2,1,10.6666666666667,"Other users"
"465","madsdemers",72,59,2025,1,0,1,72,"Other users"
"466","maksim25",24489,2652,2017,10,8,1,2448.9,"Superuser"
"467","manitobant15",256,138,2019,7,6,4,36.5714285714286,"Other users"
"468","mapleleafforever",683,513,2018,8,7,1,85.375,"Other users"
"469","marc_aurele",2828,1250,1916,21,109,2,134.666666666667,"QCBS"
"470","marcel_pepin",13027,1763,2005,14,20,4,930.5,"Superuser"
"471","marco777",180,155,2017,7,8,1,25.7142857142857,"Other users"
"472","margaret_eaglecap",2494,568,1989,16,36,3,155.875,"Enthusiast"
"473","marielikesnature",433,268,2025,1,0,1,433,"Other users"
"474","marilynneb",4236,570,2020,6,5,2,706,"Enthusiast"
"475","marilynthorne",18,17,2020,4,5,3,4.5,"Other users"
"476","markcrohamont",971,559,2023,4,2,2,242.75,"Other users"
"477","marknenadov",29689,4657,1998,25,27,2,1187.56,"Superuser"
"478","markread",42568,3391,2010,15,15,1,2837.86666666667,"Superuser"
"479","markuslegzdins",304,245,2021,5,4,1,60.8,"Other users"
"480","martha_werner",21,20,2023,3,2,1,7,"Other users"
"481","matteus3",2912,1347,2023,3,2,1,970.666666666667,"Enthusiast"
"482","matthewes",11601,2175,2019,7,6,1,1657.28571428571,"Superuser"
"483","matthewtobey1",7883,3158,2002,20,23,3,394.15,"Superuser"
"484","matthias22",10431,2792,2009,16,16,7,651.9375,"Superuser"
"485","mattrumney",51,44,2019,5,6,1,10.2,"Other users"
"486","matty_mar",258,169,2018,7,7,2,36.8571428571429,"Other users"
"487","maurerkait",1692,942,2018,8,7,1,211.5,"Enthusiast"
"488","maxepot",44,35,2025,1,0,2,44,"Other users"
"489","maxmancuso",1151,679,2021,5,4,1,230.2,"Enthusiast"
"490","mcsnoopy",6469,1058,2020,4,5,2,1617.25,"Superuser"
"491","me34018",107,86,2025,1,0,1,107,"Other users"
"492","meaghan96",33,32,2024,3,1,1,11,"Other users"
"493","megan47694",82,65,2024,2,1,1,41,"Other users"
"494","megan_blackmore",9652,2195,2010,14,15,1,689.428571428571,"Superuser"
"495","melburt",14,14,2020,5,5,1,2.8,"Other users"
"496","melinda31",222,185,2020,6,5,1,37,"Other users"
"497","mereldalebout",129,104,2023,3,2,1,43,"Other users"
"498","mferguson",3567,1986,2019,7,6,2,509.571428571429,"Enthusiast"
"499","mgava",410,291,2019,7,6,1,58.5714285714286,"Other users"
"500","mglof",118,99,2021,4,4,1,29.5,"Other users"
"501","mhairidonnelly",162,146,2022,3,3,1,54,"Other users"
"502","mhatgonewild",1792,1044,2005,11,20,1,162.909090909091,"Enthusiast"
"503","mhking",27835,8210,1986,28,39,1,994.107142857143,"Superuser"
"504","miachildress",346,227,2024,2,1,1,173,"Other users"
"505","michael_butler",15809,3440,2001,23,24,2,687.347826086957,"Superuser"
"506","michael_oldham",177531,7416,1978,49,47,1,3623.08163265306,"Superuser"
"507","michaelrudy",2198,1135,2012,15,13,1,146.533333333333,"Enthusiast"
"508","mikecowlard",3512,2461,2011,15,14,1,234.133333333333,"Enthusiast"
"509","mikedboyd",500,307,2017,10,8,1,50,"Other users"
"510","milesheisel",38,28,2025,1,0,1,38,"Other users"
"511","millpondrj",392,247,2017,6,8,1,65.3333333333333,"Other users"
"512","mjjkang",3596,1488,2019,8,6,1,449.5,"Enthusiast"
"513","moemeikle",12501,2749,2020,5,5,2,2500.2,"Superuser"
"514","mohamedmoussa1",23,22,2025,1,0,1,23,"Other users"
"515","monbeltran",204,167,2011,5,14,1,40.8,"Other users"
"516","mosscart",200,143,2022,4,3,1,50,"Other users"
"517","mossmermaid",431,274,2021,4,4,1,107.75,"Other users"
"518","mothmaniac",9138,3113,1913,41,112,2,222.878048780488,"Superuser"
"519","mrcl17",40,38,2019,7,6,1,5.71428571428571,"Other users"
"520","mrslucass",81,52,2018,4,7,1,20.25,"Other users"
"521","murrin1",12,11,2024,2,1,1,6,"Other users"
"522","mvd181",338,272,2021,6,4,1,56.3333333333333,"Other users"
"523","mycolo",227,160,2022,5,3,1,45.4,"Other users"
"524","mza267",1076,746,2021,5,4,1,215.2,"Enthusiast"
"525","nacairns",3406,1292,2003,23,22,2,148.086956521739,"Enthusiast"
"526","nalu1116",9,9,2025,1,0,1,9,"Other users"
"527","naomimartineau",98,94,2021,5,4,1,19.6,"Other users"
"528","nasrin_wadud",99,69,2025,1,0,1,99,"Other users"
"529","naste1945",660,526,2024,2,1,1,330,"Other users"
"530","natethokle",2229,1105,2012,5,13,1,445.8,"Enthusiast"
"531","natewoolvett",21,21,2025,1,0,1,21,"Other users"
"532","naturebugs",1,1,2025,1,0,1,1,"Other users"
"533","nayla_brin",71,65,2021,4,4,1,17.75,"Other users"
"534","nbforager",8740,2003,2019,7,6,1,1248.57142857143,"Superuser"
"535","nbrockamp",3365,1262,2004,15,21,1,224.333333333333,"Enthusiast"
"536","nckh",153,134,2023,3,2,1,51,"Other users"
"537","neilvinson",5127,1873,1992,15,33,1,341.8,"Superuser"
"538","nhentze",140,128,2020,6,5,1,23.3333333333333,"Other users"
"539","nhkuma_",1212,605,2024,2,1,3,606,"Enthusiast"
"540","nicholasstow",1843,865,2018,9,7,1,204.777777777778,"Enthusiast"
"541","nickbedard",5609,3402,1935,23,90,18,243.869565217391,"Superuser"
"542","nickjeff13",177,120,2019,6,6,1,29.5,"Other users"
"543","nickynanc",454,275,2020,6,5,1,75.6666666666667,"Other users"
"544","nikolett6ttn",29040,4621,2013,14,12,1,2074.28571428571,"Superuser"
"545","noah_bl",1291,902,2020,6,5,1,215.166666666667,"Enthusiast"
"546","noah_mcintyre",25,24,2025,1,0,1,25,"Other users"
"547","noirsphynx",273,250,2021,5,4,1,54.6,"Other users"
"548","nolanwood",1735,1031,2021,5,4,1,347,"Enthusiast"
"549","normkaethler",2519,1504,2007,15,18,1,167.933333333333,"Enthusiast"
"550","northernphytoid",442,234,2018,8,7,1,55.25,"Other users"
"551","novemberxmas",9,8,2025,1,0,1,9,"Other users"
"552","nwiebe",169,150,2024,3,1,1,56.3333333333333,"Other users"
"553","nwilcox24",499,327,2016,8,9,1,62.375,"Other users"
"554","nwoeanhinnogaehr",1069,581,2021,6,4,1,178.166666666667,"Enthusiast"
"555","observationpowers",1379,650,2010,11,15,1,125.363636363636,"Enthusiast"
"556","obsessedwithslugs",702,456,2020,4,5,2,175.5,"Other users"
"557","octopusboots",202,155,2021,5,4,1,40.4,"Other users"
"558","odf",128,113,2019,8,6,1,16,"Other users"
"559","ollieshaw",1,1,2025,1,0,1,1,"Other users"
"560","one72guy",750,592,1968,11,57,1,68.1818181818182,"Other users"
"561","oneofthedavesiknow",2186,1730,1997,22,28,2,99.3636363636364,"Enthusiast"
"562","oridgen10",53204,8948,1985,26,40,6,2046.30769230769,"Superuser"
"563","outdoorobserver",25544,3032,2001,18,24,1,1419.11111111111,"Superuser"
"564","owenclarkin",73882,3812,1973,25,52,2,2955.28,"Superuser"
"565","owenstrickland",8896,5848,2012,14,13,3,635.428571428571,"Superuser"
"566","pacificnorthwestkate",1712,418,2016,10,9,1,171.2,"Enthusiast"
"567","paganka",122,85,2023,2,2,1,61,"Other users"
"568","pamelabond",192,132,2021,5,4,1,38.4,"Other users"
"569","pantherophis",14747,2491,2007,14,18,1,1053.35714285714,"Superuser"
"570","parabolicisopod",913,519,2021,5,4,1,182.6,"Other users"
"571","parasitengona",3412,1834,2019,7,6,1,487.428571428571,"Enthusiast"
"572","parzudak",6572,2854,2005,21,20,2,312.952380952381,"Superuser"
"573","pat109",167,110,2021,5,4,1,33.4,"Other users"
"574","paulcarter",19203,3371,2011,16,14,3,1200.1875,"Superuser"
"575","paulrfoth",9056,1602,2007,13,18,1,696.615384615385,"Superuser"
"576","pawel115",1404,664,2020,6,5,2,234,"Enthusiast"
"577","paytotea",4908,1533,2016,11,9,2,446.181818181818,"Enthusiast"
"578","peacefulsnapper",1666,984,2021,5,4,1,333.2,"Enthusiast"
"579","peanut1981",790,614,2024,2,1,1,395,"Other users"
"580","pei-ott",18169,3333,2011,15,14,1,1211.26666666667,"Superuser"
"581","peoplemcnuggett",910,585,2020,7,5,1,130,"Other users"
"582","perki2",3216,1226,2021,4,4,1,804,"Enthusiast"
"583","pete_bakes",13439,5152,2010,15,15,1,895.933333333333,"Superuser"
"584","peterjcarson",778,597,2023,3,2,1,259.333333333333,"Other users"
"585","phewlett",408,294,2020,6,5,1,68,"Other users"
"586","philippea1",48,43,2025,1,0,1,48,"Other users"
"587","physicsdave",1082,579,1985,16,40,1,67.625,"Enthusiast"
"588","phytofern",1572,981,2023,4,2,1,393,"Enthusiast"
"589","pierlamothe",8542,1796,2006,15,19,1,569.466666666667,"Superuser"
"590","pierrickb",2560,1891,2015,10,10,1,256,"Enthusiast"
"591","pizza52869",43,36,2023,2,2,1,21.5,"Other users"
"592","plants_and_pottery",1738,863,1980,13,45,1,133.692307692308,"Enthusiast"
"593","plantwatcher",1737,695,2021,4,4,1,434.25,"Enthusiast"
"594","pluvierdodu",5422,1591,2006,20,19,1,271.1,"Superuser"
"595","pmbrousseau",1167,1011,1964,44,61,3,26.5227272727273,"Enthusiast"
"596","pobrown",2993,767,2015,11,10,4,272.090909090909,"Enthusiast"
"597","portablecity",1757,688,2022,5,3,1,351.4,"Enthusiast"
"598","potionpal",34,31,2022,3,3,1,11.3333333333333,"Other users"
"599","qjbeeke",228,178,2018,7,7,1,32.5714285714286,"Other users"
"600","qmulder",45289,3421,2016,5,9,2,9057.8,"Superuser"
"601","quillipede",40078,4549,2014,12,11,3,3339.83333333333,"BC Biodiversity"
"602","rachel_swenie",74,66,2024,2,1,1,37,"Other users"
"603","rachmunger",934,665,2012,14,13,1,66.7142857142857,"Other users"
"604","radbackedsalamander",432,336,2024,2,1,1,216,"Other users"
"605","radishlady",105,95,2024,2,1,1,52.5,"Other users"
"606","ragabonde",1026,527,2020,6,5,1,171,"Enthusiast"
"607","rambryum",48830,5353,1920,13,105,9,3756.15384615385,"BC Biodiversity"
"608","ranger_ryan_og",252,210,2025,1,0,1,252,"Other users"
"609","raphaelgrellety",1011,507,2024,2,1,2,505.5,"Enthusiast"
"610","raviner",4151,1602,2002,21,23,1,197.666666666667,"Enthusiast"
"611","realag_amber",3,3,2025,1,0,1,3,"Other users"
"612","rebeccareaderlee",32269,6367,2013,13,12,6,2482.23076923077,"BC Biodiversity"
"613","reinerjakubowski",17882,3899,2005,12,20,1,1490.16666666667,"Superuser"
"614","renard_frak",12513,1073,1940,21,85,1,595.857142857143,"Superuser"
"615","returntoszender",4394,1453,2017,8,8,1,549.25,"Enthusiast"
"616","richardjbuist",8983,1898,2001,21,24,1,427.761904761905,"Superuser"
"617","richardlbaxter",17522,5377,2005,19,20,4,922.210526315789,"Superuser"
"618","ricosfunguy",228,147,2020,4,5,1,57,"Other users"
"619","rileywalsh",7608,5208,2008,16,17,4,475.5,"Superuser"
"620","river_monster",175,150,2022,4,3,1,43.75,"Other users"
"621","rlebeuf",1287,646,2006,20,19,4,64.35,"Enthusiast"
"622","rlucine",1639,479,2024,2,1,1,819.5,"Enthusiast"
"623","rmburke",7007,1829,2020,6,5,1,1167.83333333333,"Superuser"
"624","robert_thibault",10340,2876,2013,11,12,3,940,"Superuser"
"625","rorymacneil",44611,4266,2017,8,8,2,5576.375,"Superuser"
"626","rosye",20,18,2025,1,0,1,20,"Other users"
"627","ruby2shoes",2412,847,2013,9,12,1,268,"Enthusiast"
"628","ruefae",70,53,2020,6,5,1,11.6666666666667,"Other users"
"629","russjones",16753,4856,2002,23,23,3,728.391304347826,"Superuser"
"630","rwr",7804,2743,2016,10,9,1,780.4,"Superuser"
"631","ryan_durand",9859,3126,2005,22,20,1,448.136363636364,"Superuser"
"632","ryelee_b19",18,16,2023,2,2,1,9,"Other users"
"633","saayuja",65,45,2025,1,0,1,65,"Other users"
"634","saintaardvark",9298,2055,2019,7,6,1,1328.28571428571,"Superuser"
"635","sak07",100,92,2008,2,17,1,50,"Other users"
"636","salix_scott",886,385,2003,10,22,1,88.6,"Other users"
"637","salticids",400,318,2015,11,10,1,36.3636363636364,"Other users"
"638","sammdunlopp",1724,977,2019,7,6,1,246.285714285714,"Enthusiast"
"639","sammyforageldn",327,234,2024,3,1,1,109,"Other users"
"640","sandou",196,148,2023,4,2,1,49,"Other users"
"641","santhoshdt",2593,1399,2023,3,2,2,864.333333333333,"Enthusiast"
"642","sarahlamond",4755,2701,2016,10,9,2,475.5,"Enthusiast"
"643","sarasims",14684,2888,2016,11,9,3,1334.90909090909,"Superuser"
"644","sbrobeson",2011,1010,2004,11,21,1,182.818181818182,"Enthusiast"
"645","scott-mar-mah",229,208,2024,2,1,1,114.5,"Other users"
"646","sdagher",59,44,2025,1,0,1,59,"Other users"
"647","seanblaney",6986,2871,2003,23,22,1,303.739130434783,"Superuser"
"648","seanfraser",4167,1945,2014,9,11,3,463,"Enthusiast"
"649","seatay68",87,82,2025,1,0,1,87,"Other users"
"650","secondnaturemb",2430,927,2008,15,17,1,162,"Enthusiast"
"651","selenabergeron",755,589,2019,7,6,4,107.857142857143,"QCBS"
"652","seraphinpoudrier",102693,5960,2019,8,6,1,12836.625,"Superuser"
"653","sfoth",93,83,2020,6,5,1,15.5,"Other users"
"654","shahroz_ahmed",10,10,2025,1,0,1,10,"Other users"
"655","shanzeyoell",3160,1803,2013,9,12,2,351.111111111111,"Enthusiast"
"656","shawnb2",15056,5678,2014,11,11,19,1368.72727272727,"BC Biodiversity"
"657","shelby__",359,153,2018,2,7,1,179.5,"Other users"
"658","shermchar",1925,1113,2011,15,14,1,128.333333333333,"Enthusiast"
"659","shmarsh",1049,681,2022,4,3,2,262.25,"Enthusiast"
"660","sienna",1875,1071,2008,19,17,1,98.6842105263158,"Enthusiast"
"661","simmar01",3868,908,2021,5,4,1,773.6,"Enthusiast"
"662","simonele",8423,2996,2011,13,14,3,647.923076923077,"Superuser"
"663","simroc",288,236,2025,1,0,1,288,"Other users"
"664","skevingtonam",5117,2230,2021,5,4,1,1023.4,"Superuser"
"665","smamzies",1961,1000,2021,6,4,1,326.833333333333,"Enthusiast"
"666","smarj",1660,1070,2021,5,4,1,332,"Enthusiast"
"667","snowbees",191,180,2025,1,0,1,191,"Other users"
"668","soap_suds",671,451,2014,13,11,1,51.6153846153846,"Other users"
"669","sofiagranic",70,55,2024,2,1,1,35,"Other users"
"670","sombrak9",552,420,2019,7,6,1,78.8571428571429,"Other users"
"671","songyy",4247,1367,2022,4,3,1,1061.75,"Enthusiast"
"672","sonya_mann",9180,1540,2022,5,3,1,1836,"Superuser"
"673","soo_il",1,1,2025,1,0,1,1,"Other users"
"674","soo_moths",7604,1889,2021,5,4,1,1520.8,"Superuser"
"675","sophia25482",258,212,2024,2,1,1,129,"Other users"
"676","spacebird_64",1114,798,2014,12,11,1,92.8333333333333,"Enthusiast"
"677","spaz55555",24,24,2025,1,0,1,24,"Other users"
"678","spinosaurus347",793,220,2016,7,9,1,113.285714285714,"Other users"
"679","spiritwingsphoto",650,497,2012,12,13,1,54.1666666666667,"Other users"
"680","spookyivy",141,116,2025,1,0,1,141,"Other users"
"681","squidinspace",1509,827,2021,5,4,1,301.8,"Enthusiast"
"682","stampede_gal",771,323,2022,5,3,1,154.2,"Other users"
"683","stefmatis",4889,2061,2021,6,4,1,814.833333333333,"Enthusiast"
"684","stellaarmstrong",550,337,2022,3,3,1,183.333333333333,"Other users"
"685","steph123456",1074,658,2020,6,5,1,179,"Enthusiast"
"686","stephbrulot",4565,2132,2015,10,10,1,456.5,"Enthusiast"
"687","stephen_b_taylor",4638,774,2011,13,14,1,356.769230769231,"Enthusiast"
"688","stephenluk",2625,2366,2006,20,19,3,131.25,"Enthusiast"
"689","steveansell",29416,3214,1988,38,37,2,774.105263157895,"Superuser"
"690","stevenmcgrath",6204,1458,2010,13,15,1,477.230769230769,"Superuser"
"691","stevethesnakeguy",3858,1722,1991,21,34,1,183.714285714286,"Enthusiast"
"692","stewart_blackwell",24550,4675,1997,22,28,1,1115.90909090909,"Superuser"
"693","stjayaaa",9186,3047,2019,7,6,2,1312.28571428571,"Superuser"
"694","stphip",31787,4760,1980,31,45,3,1025.38709677419,"Superuser"
"695","strangway",457,214,2023,3,2,2,152.333333333333,"Other users"
"696","strongbear147",358,273,2023,3,2,1,119.333333333333,"Other users"
"697","struggling_fish_boy",154,112,2025,1,0,1,154,"Other users"
"698","swampybogbeard",95,89,2024,2,1,1,47.5,"Other users"
"699","syd_hol",32,32,2021,4,4,1,8,"Other users"
"700","sydcannings",18397,3292,1984,24,41,2,766.541666666667,"Superuser"
"701","sylvia_heredia",1950,1154,2001,14,24,1,139.285714285714,"Enthusiast"
"702","syster",2501,1197,2024,2,1,1,1250.5,"Enthusiast"
"703","syunie",144,126,2020,6,5,1,24,"Other users"
"704","taraneh_500",45,37,2025,1,0,1,45,"Other users"
"705","tatiana-s",15392,1712,2010,16,15,1,962,"Superuser"
"706","tayder-tot",2615,893,2022,4,3,2,653.75,"Enthusiast"
"707","taylor_justason",10044,2424,2011,13,14,3,772.615384615385,"Superuser"
"708","tconnor",125,91,2025,1,0,1,125,"Other users"
"709","teethfarmer",587,406,2024,2,1,1,293.5,"Other users"
"710","teiganl",61,49,2020,5,5,1,12.2,"Other users"
"711","teriyakiturtle",1260,645,2020,6,5,1,210,"Enthusiast"
"712","th484952",781,584,2021,5,4,1,156.2,"Other users"
"713","the_sauger",381,346,2019,7,6,3,54.4285714285714,"Other users"
"714","theacebookworm",1954,535,2009,10,16,1,195.4,"Enthusiast"
"715","thebiodiversofists",2798,1640,2011,12,14,2,233.166666666667,"Enthusiast"
"716","thefungiphotographer",2197,1013,2013,7,12,1,313.857142857143,"Enthusiast"
"717","theilmm",13029,2895,2018,8,7,1,1628.625,"Superuser"
"718","thijsvalkenburg",2270,1346,2011,2,14,4,1135,"Enthusiast"
"719","thisdecember",98,92,2021,5,4,1,19.6,"Other users"
"720","thisisdan",1834,1280,2000,10,25,1,183.4,"Enthusiast"
"721","thomas_lewis3",80,65,2025,1,0,1,80,"Other users"
"722","thomasbarbin",31787,5316,2012,14,13,13,2270.5,"BC Biodiversity"
"723","timsbugs",3565,1054,2005,19,20,2,187.631578947368,"Enthusiast"
"724","tk_wildlife",724,552,2018,9,7,1,80.4444444444444,"Other users"
"725","tloh2",3237,2042,2008,18,17,28,179.833333333333,"Enthusiast"
"726","tnlyon",1,1,2025,1,0,1,1,"Other users"
"727","toadmonger",665,513,2002,23,23,1,28.9130434782609,"Other users"
"728","toddbooster",3196,1217,2005,18,20,3,177.555555555556,"Enthusiast"
"729","tomcod",2989,569,2017,6,8,1,498.166666666667,"Enthusiast"
"730","tomleeturner",165,95,2025,1,0,1,165,"Other users"
"731","tomneily",3582,617,2018,8,7,3,447.75,"Enthusiast"
"732","toochill",10187,1984,2013,10,12,1,1018.7,"Superuser"
"733","tracylh",728,523,2023,3,2,1,242.666666666667,"Other users"
"734","trientalid",25107,4153,2016,11,9,9,2282.45454545455,"Superuser"
"735","trisha_s",7067,2708,2017,10,8,5,706.7,"Superuser"
"736","tristanducharme",2650,1210,2016,8,9,1,331.25,"Enthusiast"
"737","tsimshian_storm",210,157,2010,12,15,1,17.5,"Other users"
"738","twillow",238,216,2010,10,15,1,23.8,"Other users"
"739","twinloo2",39,34,2024,2,1,1,19.5,"Other users"
"740","tyler_miller",8963,3295,1932,23,93,1,389.695652173913,"Superuser"
"741","tyson_ehlers",5697,2615,2007,19,18,14,299.842105263158,"Superuser"
"742","underwaterpat",199,117,2022,4,3,3,49.75,"Other users"
"743","unraisedshelf",10119,1969,2009,16,16,1,632.4375,"Superuser"
"744","vail",7433,1057,2011,9,14,1,825.888888888889,"Superuser"
"745","vernselvy",3,3,2025,1,0,1,3,"Other users"
"746","veronica_starzycki",253,131,2025,1,0,1,253,"Other users"
"747","viciousbear",240,176,2024,2,1,1,120,"Other users"
"748","vikingpolaris_01",147,55,2023,2,2,1,73.5,"Other users"
"749","wallacio",54,44,2016,9,9,1,6,"Other users"
"750","wanderingeden",868,511,2018,4,7,1,217,"Other users"
"751","wdvanhem",15465,5253,2007,19,18,4,813.947368421053,"Superuser"
"752","wells3",383,199,2020,5,5,1,76.6,"Other users"
"753","whit_minick",293,237,2021,5,4,1,58.6,"Other users"
"754","wickerte",7,7,2025,1,0,1,7,"Other users"
"755","wil_o",65,64,2019,8,6,1,8.125,"Other users"
"756","wildflavour",211,157,2022,5,3,1,42.2,"Other users"
"757","wilfredj",303,143,2023,3,2,1,101,"Other users"
"758","willowjune",824,430,2016,9,9,1,91.5555555555556,"Other users"
"759","wilted_",1272,465,2021,5,4,2,254.4,"Enthusiast"
"760","wkonze",1215,896,2018,8,7,1,151.875,"Enthusiast"
"761","wouldy",3,3,2025,1,0,1,3,"Other users"
"762","xander_737",12486,2708,1957,19,68,1,657.157894736842,"Superuser"
"763","xfilesenjoyer",1087,688,2017,7,8,1,155.285714285714,"Enthusiast"
"764","yrtymstra",6069,1564,1983,11,42,3,551.727272727273,"Superuser"
"765","yukiwood",257,187,2023,3,2,1,85.6666666666667,"Other users"
"766","yukonpete",1175,604,2017,9,8,1,130.555555555556,"Enthusiast"
"767","yvonnemetcalfe",690,475,2010,14,15,1,49.2857142857143,"Other users"
"768","yx_kuri",3227,1216,2023,3,2,3,1075.66666666667,"Enthusiast"
"769","zecklo",11488,2627,2015,10,10,10,1148.8,"Superuser"
"770","zee_z",47875,3381,2007,7,18,6,6839.28571428571,"Superuser"
"771","zeph_suderman",1,1,2025,1,0,1,1,"Other users"
"772","ziehro",19,17,2025,1,0,1,19,"Other users"
"773","zmonteith",283,198,2020,6,5,1,47.1666666666667,"Other users"
"774","zova",6255,1916,2009,11,16,2,568.636363636364,"Superuser"
